{
    "text": " C'est une ligne \u00e9vitoriale. L'engagement des valeurs progressiste, de solidarit\u00e9, de propri\u00e9t\u00e9, de justice sociale, de solidarit\u00e9, c'est un ligne \u00e9vitoriale. Chaque journal a une ligne \u00e9vitoriale, chaque journal porte des engagements. Exactement.",
    "segments": [
        {
            "id": 0,
            "seek": 0,
            "start": 0.0,
            "end": 2.0,
            "text": " C'est une ligne \u00e9vitoriale.",
            "tokens": [
                50364,
                383,
                6,
                377,
                2251,
                34207,
                1136,
                10398,
                284,
                25051,
                13,
                50464
            ],
            "temperature": 0.0,
            "avg_logprob": -0.4729728698730469,
            "compression_ratio": 1.7448275862068965,
            "no_speech_prob": 0.1592225879430771
        },
        {
            "id": 1,
            "seek": 0,
            "start": 2.0,
            "end": 9.0,
            "text": " L'engagement des valeurs progressiste, de solidarit\u00e9, de propri\u00e9t\u00e9, de justice sociale, de solidarit\u00e9, c'est un ligne \u00e9vitoriale.",
            "tokens": [
                50464,
                441,
                6,
                1501,
                11129,
                730,
                15474,
                2156,
                4205,
                8375,
                11,
                368,
                5100,
                289,
                5066,
                11,
                368,
                40465,
                21210,
                11,
                368,
                6118,
                41889,
                11,
                368,
                5100,
                289,
                5066,
                11,
                269,
                6,
                377,
                517,
                34207,
                1136,
                10398,
                284,
                25051,
                13,
                50814
            ],
            "temperature": 0.0,
            "avg_logprob": -0.4729728698730469,
            "compression_ratio": 1.7448275862068965,
            "no_speech_prob": 0.1592225879430771
        },
        {
            "id": 2,
            "seek": 0,
            "start": 9.0,
            "end": 13.0,
            "text": " Chaque journal a une ligne \u00e9vitoriale, chaque journal porte des engagements.",
            "tokens": [
                50814,
                12374,
                1077,
                6708,
                257,
                2251,
                34207,
                1136,
                10398,
                284,
                25051,
                11,
                18920,
                6708,
                26658,
                730,
                44978,
                13,
                51014
            ],
            "temperature": 0.0,
            "avg_logprob": -0.4729728698730469,
            "compression_ratio": 1.7448275862068965,
            "no_speech_prob": 0.1592225879430771
        },
        {
            "id": 3,
            "seek": 0,
            "start": 13.0,
            "end": 14.0,
            "text": " Exactement.",
            "tokens": [
                51014,
                7199,
                1712,
                13,
                51064
            ],
            "temperature": 0.0,
            "avg_logprob": -0.4729728698730469,
            "compression_ratio": 1.7448275862068965,
            "no_speech_prob": 0.1592225879430771
        }
    ],
    "language": "fr"
}